INSERT INTO USER (ID, USER_ID, PASSWORD, NAME, EMAIL) VALUES(1,'test1','1','test1','test1@staroot.com');
INSERT INTO USER (ID, USER_ID, PASSWORD, NAME, EMAIL) VALUES(2,'test2','1','test2','test2@staroot.com');
INSERT INTO USER (ID, USER_ID, PASSWORD, NAME, EMAIL) VALUES(3,'test3','1','test3','test3@staroot.com');
INSERT INTO USER (ID, USER_ID, PASSWORD, NAME, EMAIL) VALUES(4,'test4','1','test4','test4@staroot.com');
INSERT INTO USER (ID, USER_ID, PASSWORD, NAME, EMAIL) VALUES(5,'test5','1','test5','test5@staroot.com');
INSERT INTO USER (ID, USER_ID, PASSWORD, NAME, EMAIL) VALUES(6,'test6','1','test6','test6@staroot.com');
INSERT INTO USER (ID, USER_ID, PASSWORD, NAME, EMAIL) VALUES(7,'test7','1','test7','test7@staroot.com');
INSERT INTO USER (ID, USER_ID, PASSWORD, NAME, EMAIL) VALUES(8,'test8','1','test8','test8@staroot.com');
INSERT INTO USER (ID, USER_ID, PASSWORD, NAME, EMAIL) VALUES(9,'test9','1','test9','test9@staroot.com');
INSERT INTO USER (ID, USER_ID, PASSWORD, NAME, EMAIL) VALUES(10,'test10','1','test10','test10@staroot.com');

INSERT INTO BOARD (TITLE, CONTENTS, USER_ID, CREATE_DATE, MODIFY_DATE) VALUES('게시물1','게시물내용입니다<br>Hello ','1',CURRENT_TIMESTAMP, CURRENT_TIMESTAMP);
INSERT INTO BOARD (TITLE, CONTENTS, USER_ID, CREATE_DATE, MODIFY_DATE) VALUES('게시물2','게시물내용입니다<br>Hello ','2',CURRENT_TIMESTAMP, CURRENT_TIMESTAMP);
INSERT INTO BOARD (TITLE, CONTENTS, USER_ID, CREATE_DATE, MODIFY_DATE) VALUES('게시물3','게시물내용입니다<br>Hello ','3',CURRENT_TIMESTAMP, CURRENT_TIMESTAMP);
INSERT INTO BOARD (TITLE, CONTENTS, USER_ID, CREATE_DATE, MODIFY_DATE) VALUES('게시물4','게시물내용입니다<br>Hello ','4',CURRENT_TIMESTAMP, CURRENT_TIMESTAMP);
INSERT INTO BOARD (TITLE, CONTENTS, USER_ID, CREATE_DATE, MODIFY_DATE) VALUES('게시물5','게시물내용입니다<br>Hello ','5',CURRENT_TIMESTAMP, CURRENT_TIMESTAMP);
INSERT INTO BOARD (TITLE, CONTENTS, USER_ID, CREATE_DATE, MODIFY_DATE) VALUES('게시물6','게시물내용입니다<br>Hello ','6',CURRENT_TIMESTAMP, CURRENT_TIMESTAMP);
INSERT INTO BOARD (TITLE, CONTENTS, USER_ID, CREATE_DATE, MODIFY_DATE) VALUES('게시물7','게시물내용입니다<br>Hello ','7',CURRENT_TIMESTAMP, CURRENT_TIMESTAMP);
INSERT INTO BOARD (TITLE, CONTENTS, USER_ID, CREATE_DATE, MODIFY_DATE) VALUES('게시물8','게시물내용입니다<br>Hello ','8',CURRENT_TIMESTAMP, CURRENT_TIMESTAMP);
INSERT INTO BOARD (TITLE, CONTENTS, USER_ID, CREATE_DATE, MODIFY_DATE) VALUES('게시물9','게시물내용입니다<br>Hello ','9',CURRENT_TIMESTAMP, CURRENT_TIMESTAMP);
INSERT INTO BOARD (TITLE, CONTENTS, USER_ID, CREATE_DATE, MODIFY_DATE) VALUES('게시물10','게시물내용입니다<br>Hello ','10',CURRENT_TIMESTAMP, CURRENT_TIMESTAMP);
INSERT INTO BOARD (TITLE, CONTENTS, USER_ID, CREATE_DATE, MODIFY_DATE) VALUES('게시물11','게시물내용입니다<br>Hello ','1',CURRENT_TIMESTAMP, CURRENT_TIMESTAMP);
INSERT INTO BOARD (TITLE, CONTENTS, USER_ID, CREATE_DATE, MODIFY_DATE) VALUES('게시물12','게시물내용입니다<br>Hello ','2',CURRENT_TIMESTAMP, CURRENT_TIMESTAMP);
INSERT INTO BOARD (TITLE, CONTENTS, USER_ID, CREATE_DATE, MODIFY_DATE) VALUES('게시물13','게시물내용입니다<br>Hello ','3',CURRENT_TIMESTAMP, CURRENT_TIMESTAMP);
INSERT INTO BOARD (TITLE, CONTENTS, USER_ID, CREATE_DATE, MODIFY_DATE) VALUES('게시물14','게시물내용입니다<br>Hello ','4',CURRENT_TIMESTAMP, CURRENT_TIMESTAMP);
INSERT INTO BOARD (TITLE, CONTENTS, USER_ID, CREATE_DATE, MODIFY_DATE) VALUES('게시물15','게시물내용입니다<br>Hello ','5',CURRENT_TIMESTAMP, CURRENT_TIMESTAMP);
INSERT INTO BOARD (TITLE, CONTENTS, USER_ID, CREATE_DATE, MODIFY_DATE) VALUES('게시물16','게시물내용입니다<br>Hello ','6',CURRENT_TIMESTAMP, CURRENT_TIMESTAMP);
INSERT INTO BOARD (TITLE, CONTENTS, USER_ID, CREATE_DATE, MODIFY_DATE) VALUES('게시물17','게시물내용입니다<br>Hello ','7',CURRENT_TIMESTAMP, CURRENT_TIMESTAMP);
INSERT INTO BOARD (TITLE, CONTENTS, USER_ID, CREATE_DATE, MODIFY_DATE) VALUES('게시물18','게시물내용입니다<br>Hello ','8',CURRENT_TIMESTAMP, CURRENT_TIMESTAMP);
INSERT INTO BOARD (TITLE, CONTENTS, USER_ID, CREATE_DATE, MODIFY_DATE) VALUES('게시물19','게시물내용입니다<br>Hello ','9',CURRENT_TIMESTAMP, CURRENT_TIMESTAMP);
INSERT INTO BOARD (TITLE, CONTENTS, USER_ID, CREATE_DATE, MODIFY_DATE) VALUES('게시물20','게시물내용입니다<br>Hello ','10',CURRENT_TIMESTAMP, CURRENT_TIMESTAMP);


INSERT INTO BOARD (TITLE, CONTENTS, USER_ID, CREATE_DATE, MODIFY_DATE) VALUES('게시물21','게시물내용입니다<br>Hello ','1',CURRENT_TIMESTAMP, CURRENT_TIMESTAMP);
INSERT INTO BOARD (TITLE, CONTENTS, USER_ID, CREATE_DATE, MODIFY_DATE) VALUES('게시물22','게시물내용입니다<br>Hello ','2',CURRENT_TIMESTAMP, CURRENT_TIMESTAMP);
INSERT INTO BOARD (TITLE, CONTENTS, USER_ID, CREATE_DATE, MODIFY_DATE) VALUES('게시물23','게시물내용입니다<br>Hello ','3',CURRENT_TIMESTAMP, CURRENT_TIMESTAMP);
INSERT INTO BOARD (TITLE, CONTENTS, USER_ID, CREATE_DATE, MODIFY_DATE) VALUES('게시물24','게시물내용입니다<br>Hello ','4',CURRENT_TIMESTAMP, CURRENT_TIMESTAMP);
INSERT INTO BOARD (TITLE, CONTENTS, USER_ID, CREATE_DATE, MODIFY_DATE) VALUES('게시물25','게시물내용입니다<br>Hello ','5',CURRENT_TIMESTAMP, CURRENT_TIMESTAMP);
INSERT INTO BOARD (TITLE, CONTENTS, USER_ID, CREATE_DATE, MODIFY_DATE) VALUES('게시물26','게시물내용입니다<br>Hello ','6',CURRENT_TIMESTAMP, CURRENT_TIMESTAMP);
INSERT INTO BOARD (TITLE, CONTENTS, USER_ID, CREATE_DATE, MODIFY_DATE) VALUES('게시물27','게시물내용입니다<br>Hello ','7',CURRENT_TIMESTAMP, CURRENT_TIMESTAMP);
INSERT INTO BOARD (TITLE, CONTENTS, USER_ID, CREATE_DATE, MODIFY_DATE) VALUES('게시물28','게시물내용입니다<br>Hello ','8',CURRENT_TIMESTAMP, CURRENT_TIMESTAMP);
INSERT INTO BOARD (TITLE, CONTENTS, USER_ID, CREATE_DATE, MODIFY_DATE) VALUES('게시물29','게시물내용입니다<br>Hello ','9',CURRENT_TIMESTAMP, CURRENT_TIMESTAMP);
INSERT INTO BOARD (TITLE, CONTENTS, USER_ID, CREATE_DATE, MODIFY_DATE) VALUES('게시물30','게시물내용입니다<br>Hello ','10',CURRENT_TIMESTAMP, CURRENT_TIMESTAMP);

INSERT INTO BOARD (TITLE, CONTENTS, USER_ID, CREATE_DATE, MODIFY_DATE) VALUES('게시물31','게시물내용입니다<br>Hello ','1',CURRENT_TIMESTAMP, CURRENT_TIMESTAMP);
INSERT INTO BOARD (TITLE, CONTENTS, USER_ID, CREATE_DATE, MODIFY_DATE) VALUES('게시물32','게시물내용입니다<br>Hello ','2',CURRENT_TIMESTAMP, CURRENT_TIMESTAMP);
INSERT INTO BOARD (TITLE, CONTENTS, USER_ID, CREATE_DATE, MODIFY_DATE) VALUES('게시물33','게시물내용입니다<br>Hello ','3',CURRENT_TIMESTAMP, CURRENT_TIMESTAMP);
INSERT INTO BOARD (TITLE, CONTENTS, USER_ID, CREATE_DATE, MODIFY_DATE) VALUES('게시물34','게시물내용입니다<br>Hello ','4',CURRENT_TIMESTAMP, CURRENT_TIMESTAMP);
INSERT INTO BOARD (TITLE, CONTENTS, USER_ID, CREATE_DATE, MODIFY_DATE) VALUES('게시물35','게시물내용입니다<br>Hello ','5',CURRENT_TIMESTAMP, CURRENT_TIMESTAMP);
INSERT INTO BOARD (TITLE, CONTENTS, USER_ID, CREATE_DATE, MODIFY_DATE) VALUES('게시물36','게시물내용입니다<br>Hello ','6',CURRENT_TIMESTAMP, CURRENT_TIMESTAMP);
INSERT INTO BOARD (TITLE, CONTENTS, USER_ID, CREATE_DATE, MODIFY_DATE) VALUES('게시물37','게시물내용입니다<br>Hello ','7',CURRENT_TIMESTAMP, CURRENT_TIMESTAMP);
INSERT INTO BOARD (TITLE, CONTENTS, USER_ID, CREATE_DATE, MODIFY_DATE) VALUES('게시물38','게시물내용입니다<br>Hello ','8',CURRENT_TIMESTAMP, CURRENT_TIMESTAMP);
INSERT INTO BOARD (TITLE, CONTENTS, USER_ID, CREATE_DATE, MODIFY_DATE) VALUES('게시물39','게시물내용입니다<br>Hello ','9',CURRENT_TIMESTAMP, CURRENT_TIMESTAMP);
INSERT INTO BOARD (TITLE, CONTENTS, USER_ID, CREATE_DATE, MODIFY_DATE) VALUES('게시물40','게시물내용입니다<br>Hello ','10',CURRENT_TIMESTAMP, CURRENT_TIMESTAMP);

INSERT INTO BOARD (TITLE, CONTENTS, USER_ID, CREATE_DATE, MODIFY_DATE) VALUES('게시물41','게시물내용입니다<br>Hello ','1',CURRENT_TIMESTAMP, CURRENT_TIMESTAMP);
INSERT INTO BOARD (TITLE, CONTENTS, USER_ID, CREATE_DATE, MODIFY_DATE) VALUES('게시물42','게시물내용입니다<br>Hello ','2',CURRENT_TIMESTAMP, CURRENT_TIMESTAMP);
INSERT INTO BOARD (TITLE, CONTENTS, USER_ID, CREATE_DATE, MODIFY_DATE) VALUES('게시물43','게시물내용입니다<br>Hello ','3',CURRENT_TIMESTAMP, CURRENT_TIMESTAMP);
INSERT INTO BOARD (TITLE, CONTENTS, USER_ID, CREATE_DATE, MODIFY_DATE) VALUES('게시물44','게시물내용입니다<br>Hello ','4',CURRENT_TIMESTAMP, CURRENT_TIMESTAMP);
INSERT INTO BOARD (TITLE, CONTENTS, USER_ID, CREATE_DATE, MODIFY_DATE) VALUES('게시물45','게시물내용입니다<br>Hello ','5',CURRENT_TIMESTAMP, CURRENT_TIMESTAMP);
INSERT INTO BOARD (TITLE, CONTENTS, USER_ID, CREATE_DATE, MODIFY_DATE) VALUES('게시물46','게시물내용입니다<br>Hello ','6',CURRENT_TIMESTAMP, CURRENT_TIMESTAMP);
INSERT INTO BOARD (TITLE, CONTENTS, USER_ID, CREATE_DATE, MODIFY_DATE) VALUES('게시물47','게시물내용입니다<br>Hello ','7',CURRENT_TIMESTAMP, CURRENT_TIMESTAMP);
INSERT INTO BOARD (TITLE, CONTENTS, USER_ID, CREATE_DATE, MODIFY_DATE) VALUES('게시물48','게시물내용입니다<br>Hello ','8',CURRENT_TIMESTAMP, CURRENT_TIMESTAMP);
INSERT INTO BOARD (TITLE, CONTENTS, USER_ID, CREATE_DATE, MODIFY_DATE) VALUES('게시물49','게시물내용입니다<br>Hello ','9',CURRENT_TIMESTAMP, CURRENT_TIMESTAMP);
INSERT INTO BOARD (TITLE, CONTENTS, USER_ID, CREATE_DATE, MODIFY_DATE) VALUES('게시물50','게시물내용입니다<br>Hello ','10',CURRENT_TIMESTAMP, CURRENT_TIMESTAMP);

INSERT INTO BOARD (TITLE, CONTENTS, USER_ID, CREATE_DATE, MODIFY_DATE) VALUES('게시물51','게시물내용입니다<br>Hello ','1',CURRENT_TIMESTAMP, CURRENT_TIMESTAMP);
INSERT INTO BOARD (TITLE, CONTENTS, USER_ID, CREATE_DATE, MODIFY_DATE) VALUES('게시물52','게시물내용입니다<br>Hello ','2',CURRENT_TIMESTAMP, CURRENT_TIMESTAMP);
INSERT INTO BOARD (TITLE, CONTENTS, USER_ID, CREATE_DATE, MODIFY_DATE) VALUES('게시물53','게시물내용입니다<br>Hello ','3',CURRENT_TIMESTAMP, CURRENT_TIMESTAMP);
INSERT INTO BOARD (TITLE, CONTENTS, USER_ID, CREATE_DATE, MODIFY_DATE) VALUES('게시물54','게시물내용입니다<br>Hello ','4',CURRENT_TIMESTAMP, CURRENT_TIMESTAMP);
INSERT INTO BOARD (TITLE, CONTENTS, USER_ID, CREATE_DATE, MODIFY_DATE) VALUES('게시물55','게시물내용입니다<br>Hello ','5',CURRENT_TIMESTAMP, CURRENT_TIMESTAMP);
INSERT INTO BOARD (TITLE, CONTENTS, USER_ID, CREATE_DATE, MODIFY_DATE) VALUES('게시물56','게시물내용입니다<br>Hello ','6',CURRENT_TIMESTAMP, CURRENT_TIMESTAMP);
INSERT INTO BOARD (TITLE, CONTENTS, USER_ID, CREATE_DATE, MODIFY_DATE) VALUES('게시물57','게시물내용입니다<br>Hello ','7',CURRENT_TIMESTAMP, CURRENT_TIMESTAMP);
INSERT INTO BOARD (TITLE, CONTENTS, USER_ID, CREATE_DATE, MODIFY_DATE) VALUES('게시물58','게시물내용입니다<br>Hello ','8',CURRENT_TIMESTAMP, CURRENT_TIMESTAMP);
INSERT INTO BOARD (TITLE, CONTENTS, USER_ID, CREATE_DATE, MODIFY_DATE) VALUES('게시물59','게시물내용입니다<br>Hello ','9',CURRENT_TIMESTAMP, CURRENT_TIMESTAMP);
INSERT INTO BOARD (TITLE, CONTENTS, USER_ID, CREATE_DATE, MODIFY_DATE) VALUES('게시물60','게시물내용입니다<br>Hello ','10',CURRENT_TIMESTAMP, CURRENT_TIMESTAMP);


INSERT INTO BOARD (TITLE, USER_ID, CREATE_DATE, MODIFY_DATE, CONTENTS) VALUES('게시물61','1',CURRENT_TIMESTAMP, CURRENT_TIMESTAMP,'<!DOCTYPE html><html><body><h2>MailTemplteTest</h2><table><tr><th>사용자아이디</th><th>이름</th><th>설명</th></tr><!--{{#userinfo}}--><tr><td>{{userid}}</td><td>{{name}}</td><td>{{desc}}</td></tr><!--{{/userinfo}}--></table></body><script></script></html>');


insert into REPLY (contents, create_date, board_id, writer_id) values('reply1',CURRENT_TIMESTAMP, 60,1);
insert into REPLY (contents, create_date, board_id, writer_id) values('reply2',CURRENT_TIMESTAMP, 60,1);
insert into REPLY (contents, create_date, board_id, writer_id) values('reply3',CURRENT_TIMESTAMP, 60,1);
insert into REPLY (contents, create_date, board_id, writer_id) values('reply4',CURRENT_TIMESTAMP, 59,2);
insert into REPLY (contents, create_date, board_id, writer_id) values('reply5',CURRENT_TIMESTAMP, 59,2);
insert into REPLY (contents, create_date, board_id, writer_id) values('reply6',CURRENT_TIMESTAMP, 58,3);
insert into REPLY (contents, create_date, board_id, writer_id) values('reply7',CURRENT_TIMESTAMP, 53,3);
insert into REPLY (contents, create_date, board_id, writer_id) values('reply8',CURRENT_TIMESTAMP, 53,4);
insert into REPLY (contents, create_date, board_id, writer_id) values('reply9',CURRENT_TIMESTAMP, 51,5);
insert into REPLY (contents, create_date, board_id, writer_id) values('reply10',CURRENT_TIMESTAMP, 51,6);

INSERT INTO MESSAGE (MSG_ID, MSG_TITLE) VALUES('1','MSG-001');
INSERT INTO MESSAGE (MSG_ID, MSG_TITLE) VALUES('2','MSG-002');
INSERT INTO MESSAGE (MSG_ID, MSG_TITLE) VALUES('3','MSG-003');
INSERT INTO MESSAGE (MSG_ID, MSG_TITLE) VALUES('4','MSG-004');
INSERT INTO MESSAGE (MSG_ID, MSG_TITLE) VALUES('5','MSG-005');
